{"accuracy": [0.5976243019104004, 0.8612703680992126, 0.9145031571388245, 0.9413614273071289, 0.9555160403251648, 0.9655309915542603, 0.9723308682441711, 0.9767550826072693, 0.9803115725517273, 0.981022834777832], "loss": [1.3601806163787842, 0.43461376428604126, 0.26165685057640076, 0.1794605255126953, 0.13511568307876587, 0.10528253763914108, 0.08379575610160828, 0.07185395061969757, 0.06204274669289589, 0.05646070837974548], "val_accuracy": [0.8499886393547058, 0.9176530838012695, 0.9446278214454651, 0.9472455978393555, 0.9563510417938232, 0.938197135925293, 0.9532779455184937, 0.9519121050834656, 0.9653425812721252, 0.9610175490379333], "val_loss": [0.4778376519680023, 0.25706589221954346, 0.17368967831134796, 0.16473306715488434, 0.1375407725572586, 0.19519062340259552, 0.14890877902507782, 0.15955504775047302, 0.1282486617565155, 0.1342027485370636]}